{"meta": "lda", "coef_": [[0.0036234500935959186, 0.0002218694648106958, 0.3928312406999333, 16.38141648149175, -0.16202162610357007, 0.12230445721387143, 136.00481010324043]], "intercept_": [-32.53849720644656], "explained_variance_ratio_": [1.0], "means_": [[35.342009132420124, 98.93939393939394, 30.707295939287143, 1.6825757575757578, 87.12121212121212, 14.121212121212121, 0.03549999999999999], [34.91281224818696, 100.72941176470589, 28.474072535107904, 1.6841176470588242, 80.76470588235294, 14.31764705882353, 0.04249411764705881]], "priors_": [0.4370860927152318, 0.5629139072847682], "scalings_": [[-0.00337599370566688], [-0.0002067173266728367], [-0.36600360477882743], [-15.262679905311039], [0.15095667824273448], [-0.1139519151812775], [-126.71662945226224]], "xbar_": [35.100408237321986, 99.94701986754967, 29.450183427000816, 1.683443708609272, 83.5430463576159, 14.2317880794702, 0.03943708609271522], "classes_": [0, 1], "params": {"n_components": null, "priors": null, "shrinkage": null, "solver": "svd", "store_covariance": false, "tol": 0.0001}}