{"meta": "lda", "coef_": [[0.00019903941097152399, -0.009141905903353667, 0.0865553717409987, 6.0927062354776975, -0.0571709088808436, 0.08279424303725652, 144.82572155248036]], "intercept_": [-13.503867602957339], "explained_variance_ratio_": [1.0], "means_": [[35.8623033992897, 99.42592592592592, 31.0900624300037, 1.6824074074074067, 88.24074074074075, 14.11111111111111, 0.03429629629629628], [34.86856925418571, 99.26388888888889, 28.30113945811368, 1.6868055555555552, 80.56944444444444, 14.208333333333334, 0.041819444444444444]], "priors_": [0.42857142857142855, 0.5714285714285714], "scalings_": [[-0.00017305461023887914], [0.007948420643043987], [-0.07525547853868399], [-5.297297141978719], [0.049707187662408864], [-0.07198536907288837], [-125.91857398238879]], "xbar_": [35.29445531637313, 99.33333333333331, 29.496392160352258, 1.6849206349206343, 83.85714285714286, 14.166666666666666, 0.038595238095238085], "classes_": [0, 1], "params": {"n_components": null, "priors": null, "shrinkage": null, "solver": "svd", "store_covariance": false, "tol": 0.0001}}