{"meta": "lda", "coef_": [[0.027455576942248348, 0.001045497595068654, 0.2271326679164606, 10.467153384087712, -0.10204021691538721, 0.13542614593121488, 152.97017297753726]], "intercept_": [-24.200101412611925], "explained_variance_ratio_": [1.0], "means_": [[35.04849315068493, 104.1, 31.301567072314075, 1.6785999999999999, 88.46, 14.06, 0.035259999999999986], [34.705512863347835, 105.96341463414635, 28.814020919301246, 1.6764634146341466, 80.9390243902439, 14.402439024390244, 0.04262195121951218]], "priors_": [0.3787878787878788, 0.6212121212121212], "scalings_": [[-0.02367264179501054], [-0.0009014449092679842], [-0.19583745403862363], [-9.024948672400747], [0.08798072278008104], [-0.11676660989685042], [-131.893353318894]], "xbar_": [34.83542963885431, 105.25757575757575, 29.756273249987924, 1.6772727272727275, 83.78787878787878, 14.272727272727273, 0.03983333333333332], "classes_": [0, 1], "params": {"n_components": null, "priors": null, "shrinkage": null, "solver": "svd", "store_covariance": false, "tol": 0.0001}}