{"meta": "lda", "coef_": [[0.1416020705163687, 0.01521879636573915, 1.5041104120143167, 0.6247285184175376, -1.987068054792357, 0.19158743185165739, 1.1937209007380032]], "intercept_": [0.657743592652306], "explained_variance_ratio_": [1.0], "means_": [[0.04131141318286855, -0.07952289008737833, 0.23335169132259864, 0.022238087119928897, 0.23992346955088745, -0.15036912599893057, -0.5860528961597589], [-0.02518988608711431, 0.04848956712645095, -0.14228761666012144, -0.013559809219462904, -0.14629479850663818, 0.0916884914627616, 0.3573493269266836]], "priors_": [0.3787878787878788, 0.6212121212121212], "scalings_": [[0.122091591803619], [0.013121891981187073], [1.296868285764205], [0.5386510167582378], [-1.7132821642157803], [0.1651897775155222], [1.0292454369408763]], "xbar_": [4.128641872824801e-16, 4.683753385137379e-16, -1.942890293094024e-16, 3.688022109926692e-15, 3.191891195797325e-16, -5.828670879282072e-16, 8.326672684688674e-16], "classes_": [0, 1], "params": {"covariance_estimator": null, "n_components": null, "priors": null, "shrinkage": null, "solver": "svd", "store_covariance": false, "tol": 0.0001}}