{"meta": "lda", "coef_": [[-0.010181251342730162, -0.004243869196661146, -0.052999847321623626, 1.9154632901378745, -0.005569279924614338, 0.14638868273972477, 107.78278884151379]], "intercept_": [-7.0544729172476295], "explained_variance_ratio_": [1.0], "means_": [[35.42342342342345, 98.72072072072072, 31.462489517517284, 1.684144144144144, 89.54954954954955, 14.0990990990991, 0.03618918918918916], [34.60145881515747, 99.1038961038961, 28.29450406535585, 1.682727272727273, 80.12987012987013, 14.2987012987013, 0.042077922077922075]], "priors_": [0.5904255319148937, 0.4095744680851064], "scalings_": [[0.010802331536621412], [0.004502755164091217], [0.05623296222495276], [-2.0323110401425795], [0.005909019052838882], [-0.1553187354806772], [-114.35779157333675]], "xbar_": [35.086767706208136, 98.87765957446808, 30.16496356104691, 1.6835638297872344, 85.69148936170214, 14.180851063829788, 0.038601063829787216], "classes_": [0, 1], "params": {"n_components": null, "priors": null, "shrinkage": null, "solver": "svd", "store_covariance": false, "tol": 0.0001}}