{"meta": "lda", "coef_": [[0.14160207051636878, 0.015218796365738998, 1.5041104120143276, 0.6247285184175402, -1.9870680547923683, 0.19158743185165766, 1.193720900738004]], "intercept_": [0.6577435926523062], "explained_variance_ratio_": [1.0], "means_": [[0.04131141318286855, -0.07952289008737833, 0.23335169132259864, 0.022238087119928897, 0.23992346955088745, -0.15036912599893057, -0.5860528961597589], [-0.02518988608711431, 0.04848956712645095, -0.14228761666012144, -0.013559809219462904, -0.14629479850663818, 0.0916884914627616, 0.3573493269266836]], "priors_": [0.3787878787878788, 0.6212121212121212], "scalings_": [[0.122091591803619], [0.013121891981186934], [1.2968682857642138], [0.5386510167582397], [-1.7132821642157892], [0.16518977751552233], [1.0292454369408766]], "xbar_": [4.128641872824801e-16, 4.683753385137379e-16, -1.942890293094024e-16, 3.688022109926692e-15, 3.191891195797325e-16, -5.828670879282072e-16, 8.326672684688674e-16], "classes_": [0, 1], "params": {"covariance_estimator": null, "n_components": null, "priors": null, "shrinkage": null, "solver": "svd", "store_covariance": false, "tol": 0.0001}}