{"meta": "lr", "classes_": [0, 1], "coef_": [[-0.013830350509806591, 0.007742636782064258, -0.03140367150252547, -0.0009628483790461231, -0.009101524632833822, 0.09790666238455135, 0.022342767689532257]], "intercept_": [-0.006584103816564371], "n_iter_": [5], "params": {"C": 0.1, "class_weight": "balanced", "dual": false, "fit_intercept": true, "intercept_scaling": 1, "l1_ratio": null, "max_iter": 500, "multi_class": "auto", "n_jobs": 4, "penalty": "l2", "random_state": 1618, "solver": "liblinear", "tol": 0.0001, "verbose": 0, "warm_start": false}}