{"meta": "lr", "classes_": [0, 1], "coef_": [[-0.0014454947575726898, 0.0033335194353002143, -0.003684583422529749, 1.557824213670857e-05, -0.009581327143904967, 0.0005480233985962299, 2.5362459531422963e-05]], "intercept_": [0.8743546787874565], "n_iter_": [31], "params": {"C": 0.0001, "class_weight": null, "dual": false, "fit_intercept": true, "intercept_scaling": 1, "l1_ratio": null, "max_iter": 500, "multi_class": "auto", "n_jobs": 4, "penalty": "l2", "random_state": 1618, "solver": "lbfgs", "tol": 0.0001, "verbose": 0, "warm_start": false}}