{"meta": "lr", "classes_": [0, 1], "coef_": [[0.00014977454850091104, 0.0061753828948534085, -0.004021688628227959, 0.0002035332728257507, -0.010795465741329691, 0.002305093614064329, 2.9523944512762126e-05]], "intercept_": [0.00011145223773966026], "n_iter_": [3], "params": {"C": 0.0001, "class_weight": null, "dual": false, "fit_intercept": true, "intercept_scaling": 1, "l1_ratio": null, "max_iter": 500, "multi_class": "auto", "n_jobs": 4, "penalty": "l2", "random_state": 1618, "solver": "liblinear", "tol": 0.0001, "verbose": 0, "warm_start": false}}