{"meta": "lr", "classes_": [0, 1], "coef_": [[-0.022335288950140152, 0.0032630135610051837, -0.08614993469730554, 0.4491974752333679, 0.007432490122654868, 0.11883883864227127, 0.223697671443437]], "intercept_": [0.22537769626466206], "n_iter_": [10], "params": {"C": 1, "class_weight": null, "dual": false, "fit_intercept": true, "intercept_scaling": 1, "l1_ratio": null, "max_iter": 500, "multi_class": "auto", "n_jobs": 4, "penalty": "l2", "random_state": 1618, "solver": "liblinear", "tol": 0.0001, "verbose": 0, "warm_start": false}}