{"meta": "lr", "classes_": [0, 1], "coef_": [[-0.0002165395437168429, 0.0004197776293577717, -0.0012304054386861225, -0.000115463114204787, -0.0012647214477751966, 0.0007940764344313374, 0.0031006300489576167]], "intercept_": [1.6476231622483904e-06], "n_iter_": [2], "params": {"C": 0.0001, "class_weight": "balanced", "dual": false, "fit_intercept": true, "intercept_scaling": 1, "l1_ratio": null, "max_iter": 500, "multi_class": "auto", "n_jobs": 4, "penalty": "l2", "random_state": 1618, "solver": "liblinear", "tol": 0.0001, "verbose": 0, "warm_start": false}}