{"meta": "qda", "means_": [[35.8623033992897, 99.42592592592592, 31.0900624300037, 1.6824074074074067, 88.24074074074075, 14.11111111111111, 0.03429629629629628], [34.86856925418571, 99.26388888888889, 28.30113945811368, 1.6868055555555552, 80.56944444444444, 14.208333333333334, 0.041819444444444444]], "priors_": [0.42857142857142855, 0.5714285714285714], "scalings_": [[428.8969837937057, 230.94360646035062, 21.671657044522966, 4.549629762933616, 0.8175077926706072, 0.00011194966101086476, 6.294568717065451e-05], [359.4138624907301, 255.90426277050446, 21.86972722778018, 3.445099949969498, 1.695151936553753, 9.358662901943102e-05, 3.118324202742797e-05]], "rotations_": [[[0.007066391195223871, 0.005355997396238717, -0.9976404717099842, 0.06582950282196613, -0.0173469361405322, -0.0006252547429992074, 0.0001950253914320021], [-0.26410400595894257, 0.9644681722716706, 0.003181856187080072, -0.00023229901258098318, 0.006327635566095585, 2.3838314005503007e-05, -3.161695882605018e-05], [-0.28304817007070576, -0.07877162521143022, 0.05568668922521342, 0.9329367148426512, 0.19885502839438549, -0.02297141534177903, -0.01165482656989235], [-0.0011982158623738662, -0.0002858413451477075, -0.0012015613984783687, -0.026698350404725655, -0.005713349789064438, -0.8919716281716629, -0.4512629046136243], [-0.921994666683589, -0.2520629842066231, -0.025741185144207618, -0.28640492805975887, -0.06012513959000597, 0.008204265373934545, 0.004165667927379973], [-0.0026967407772260227, 0.005626578805801613, 0.030628805504008916, 0.20628834263340676, -0.9779913205694273, -0.0004203300307446825, 0.000930258359356343], [-6.817981288916334e-06, 3.044507725417228e-05, 0.0004260887166875714, -0.00020894089052509465, 0.0010122407247200396, -0.45143222132959054, 0.8923047118181487]], [[0.03566758601918038, 0.044362483119315926, -0.9962543900879101, -0.012704652103246521, -0.06383942831642257, -0.00029427217570784334, -0.0001274388967950156], [-0.2541294738148289, 0.9665540946674276, 0.0340358368822544, -0.005730421723560563, -0.00032901957040912255, -4.5246590599922355e-06, 9.176312881974577e-05], [0.29743002635040083, 0.0840956032427187, -0.008206441632945805, 0.9359125820080416, 0.1662927079534473, 0.02843855329538456, 0.0012593900042493587], [0.0007603674427173587, 5.425258043323129e-06, 0.0004658635153515097, -0.029633948197304145, -0.005652935857842712, 0.9980742456729158, 0.054192973142013365], [0.9195239659320529, 0.23814123387022157, 0.05152044175832475, -0.3013569130426946, -0.06475768479211015, -0.010017485028258749, -0.00041964727618535507], [-0.012510443101542694, -0.004671875123645489, 0.059973474614695634, 0.1793854686047523, -0.9818582546705348, -0.0002551226679450631, 3.225029267499505e-05], [1.645046852505635e-06, 8.928899730604438e-05, 0.0001254944916316712, -0.00029436357748576875, -9.344382365506075e-05, 0.054208367439475845, -0.9985295858379882]]], "classes_": [0, 1], "params": {"priors": null, "reg_param": 0, "store_covariance": false, "tol": 0.0001}}