{"meta": "qda", "means_": [[35.342009132420124, 98.93939393939394, 30.707295939287143, 1.6825757575757578, 87.12121212121212, 14.121212121212121, 0.03549999999999999], [34.91281224818696, 100.72941176470589, 28.474072535107904, 1.6841176470588242, 80.76470588235294, 14.31764705882353, 0.04249411764705881]], "priors_": [0.4370860927152318, 0.5629139072847682], "scalings_": [[413.09996783985184, 262.35606701212185, 23.44280775382957, 3.345736520685782, 0.7755444928447008, 9.84602979165128e-05, 8.203492382872165e-05], [367.759847976694, 231.83861115496123, 24.404177373022907, 2.6961888225374073, 1.8064333540431352, 0.00010301579991895444, 2.0769702803655568e-05]], "rotations_": [[[0.024549478302867085, 0.014035475287185064, 0.9987822178490728, 0.031310650022793554, -0.025569418377283968, 0.0003018432180487824, -0.000408395245187628], [-0.19096934272154453, 0.9813893354683552, -0.009387421121493038, 0.015873619016977203, 0.008097932478012791, 2.546727858636496e-05, 9.876473842139932e-05], [-0.2962652695725856, -0.07370538672403848, -0.019904582507505077, 0.949722025517633, 0.06095709105552655, 0.026021707950362134, -0.00577854827994796], [-0.0010025567275102917, 0.00028466427969491345, 0.00044713053222507685, -0.02816366684128644, -0.0026411807253385886, 0.9722404824770037, -0.23226491381148273], [-0.9354966044850513, -0.17662874922829974, 0.034433749227396324, -0.30316823012348726, -0.021480958490995114, -0.009267106191291992, 0.002101967190503859], [-0.00013610945831829535, 0.006906043058106104, -0.02763716744795998, 0.06396494911385103, -0.997541255041321, -0.0014466388268448416, -0.002512375469835424], [-5.1495670208267716e-05, 6.41239272308118e-05, -0.00026304422094951756, 0.00025111719575503016, 0.002810420030424433, -0.23234296023177178, -0.972629791521008]], [[0.021478195505967607, 0.012956672962609671, -0.9992125005282669, 0.028793497411156915, -0.010773834948860781, 0.00021525245824036943, -5.643849497056409e-05], [-0.22839365799837918, 0.9733731882390033, 0.007171819796773345, -0.018057160649073978, 0.0018638767637756855, -5.139882358700667e-05, 2.5985067744758333e-05], [0.30681009302248075, 0.08815985925865139, 0.031190122819414093, 0.9107672284151062, 0.2584279530608372, -0.028924955901120368, 0.001994472740229604], [0.0005754637734071118, -0.0004452114994329486, -0.0009750630639513357, -0.029577512712448763, -0.008311587015308632, -0.9966769784273537, 0.07542949566409543], [0.9235319797607576, 0.21118165931576938, 0.015005276970658957, -0.3022153640802746, -0.10405295798417484, 0.010208661461515951, -0.0006853251657182245], [-0.018191813660075815, 0.002590031882904978, 0.018000250280001982, 0.277739029062532, -0.9603119692145163, -0.00022584205131414827, 0.0004931070550129172], [6.312065787895385e-06, 2.3428126308837067e-05, 4.3957633687922454e-05, -7.274728443002483e-05, -0.0005145484022634504, -0.07545880233684293, -0.9971487835707722]]], "classes_": [0, 1], "params": {"priors": null, "reg_param": 0, "store_covariance": false, "tol": 0.0001}}