{"meta": "qda", "means_": [[0.04131141318286855, -0.07952289008737833, 0.23335169132259864, 0.022238087119928897, 0.23992346955088745, -0.15036912599893057, -0.5860528961597589], [-0.02518988608711431, 0.04848956712645095, -0.14228761666012144, -0.013559809219462904, -0.14629479850663818, 0.0916884914627616, 0.3573493269266836]], "priors_": [0.3787878787878788, 0.6212121212121212], "scalings_": [[1.6878835905219496, 1.248382512673964, 1.1022413583140018, 0.9790201001883052, 0.9131285663907682, 0.7234557811477242, 0.5008059570114413], [1.4609257612083941, 1.124678706402248, 1.0398229667782415, 0.9969643585736659, 0.9005511592368132, 0.7273686251505301, 0.5006258393217656]], "rotations_": [[[0.01844936200975699, -0.517018567816389, -0.2732432931428563, 0.3231065614068212, -0.6638541094589526, 0.3355372059531083, -0.002044279450869277], [-0.14397991220540235, 0.11983556781099558, 0.008388313765194333, 0.8976890158614459, 0.14925420160291225, -0.36969917958631693, 0.006244075568765276], [-0.611294742885505, 0.09756792394707892, 0.3120000666028681, -0.07238178329520309, -0.2536673045238657, 0.00993717734926497, 0.6706491068703061], [-0.3412338664315891, -0.2545022349665603, -0.6366473513651385, -0.01572968009263903, 0.5568546128008193, 0.2264181428842087, 0.22774668545651136], [-0.6926091921855273, 5.877193066058939e-05, 0.09691067202239081, -0.06910328326840481, -0.05530632694073767, 0.06991259777661991, -0.7058179653480886], [0.09412252962780762, 0.12679724812703358, 0.41705091379342096, 0.2798737818721775, 0.2750366279253883, 0.8044491689206945, -0.00435852391834968], [-0.015525719307786484, 0.7924410414961234, -0.4891632696108988, 0.03413850979247168, -0.2896252871835261, 0.2175939806348265, -0.010957108222055827]], [[-0.08081407923115135, -0.160298565833686, -0.584809664895112, 0.7685405419723762, -0.09083894638199186, -0.16388501801332628, 0.002555830733628844], [0.1537632255864705, 0.2585381864319001, 0.6932313598130451, 0.6344070791423806, 0.1262425479956092, 0.10264321275236554, -7.918956465291505e-05], [-0.6076779298164932, 0.4102370514240803, -0.03439067781686572, 0.0061657934307614015, 0.01644355344662856, 0.051473269812735645, 0.6769730213001971], [-0.15174162369456579, -0.5087943933537064, 0.32597205881765934, 0.03717700621135809, -0.7535815202113145, 0.004540380758027408, 0.20629374529608221], [-0.6279148400356304, 0.24185613102781728, 0.05989632113235463, 0.019801586542230187, -0.20305010774605828, 0.053725003176133365, -0.7064935747836236], [0.4280693780372413, 0.6327046768389472, -0.20581925481756652, -0.031402847766025616, -0.603855572663896, 0.09192072191770753, -0.0016502231196280012], [0.0027440039323941567, 0.14658310499255053, 0.15504289995884313, -0.06383341446267721, -0.042245803920759495, -0.9739610690884181, -0.0028259679377186826]]], "classes_": [0, 1], "params": {"priors": null, "reg_param": 0.5, "store_covariance": false, "tol": 0.0001}}