{"meta": "qda", "means_": [[35.04849315068493, 104.1, 31.301567072314075, 1.6785999999999999, 88.46, 14.06, 0.035259999999999986], [34.705512863347835, 105.96341463414635, 28.814020919301246, 1.6764634146341466, 80.9390243902439, 14.402439024390244, 0.04262195121951218]], "priors_": [0.3787878787878788, 0.6212121212121212], "scalings_": [[147.88973975757492, 57.11251935192711, 8.73899514474609, 2.0574119857658677, 1.0389372883409866, 0.7000384585174676, 0.7000184040342986], [111.71604283289757, 67.5798209411371, 8.8099164494561, 1.7918014236514905, 1.3090316654247516, 0.7000305964968389, 0.7000085349883189]], "rotations_": [[[0.009625370779217164, 0.022607068444791354, -0.9957612500403522, -0.07752268853506632, -0.04296326607953274, 0.0002164668298830631, -0.0003863728196385809], [-0.15769101818929376, 0.9871148977063742, 0.020281489987070415, -0.002169270528722289, 0.017934994830735435, 1.7951587869296202e-05, 0.00011214275582695698], [-0.2947605576182155, -0.053216098061038275, 0.06247374911093131, -0.9393270755474497, 0.15293796698834966, 0.02310485030518415, 0.011049006340052882], [-0.001095707037905209, -6.374215483017417e-05, -0.0018767998784498248, 0.026775840359187786, -0.004296180937267714, 0.9073218438036089, 0.4195556482094764], [-0.9424057994170305, -0.1482009930707292, -0.032795475245045703, 0.2924553485683764, -0.05672552035037082, -0.008278350711583494, -0.00397303733617714], [0.005217024394594649, 0.017251205524505264, 0.055371563068616104, -0.1593834637410437, -0.9854968050132304, 0.0007403519916440515, -0.0012566786803780313], [-2.9408811058650227e-07, 5.9894602677757966e-05, 0.00038624216446225975, -8.440296594876978e-05, 0.0015091258128991335, 0.41971908612484043, -0.9076527151876369]], [[-0.012684751113580844, -0.014519580798019264, -0.9997439512662378, 0.008232091615216763, 0.008514595942365286, -0.00016124378149599648, -0.0001381782425722894], [0.13983843703233678, 0.9900126881577332, -0.016238754103551953, -0.003731787589050857, -0.006516458080945489, 6.486575872553845e-06, 3.4258010929815006e-05], [-0.3159700582812175, 0.04580778898743426, 0.007669296870627058, 0.8819909931694773, -0.3453647176952984, -0.028625926062625255, 0.0011860520980725498], [-0.0004832160486848735, 4.2337996711290824e-05, 2.5826554778703537e-05, -0.028198426529902634, 0.011353688752591806, -0.9988054175610254, 0.038254991653723994], [-0.9381292195398268, 0.13244129350111877, 0.0087296360601406, -0.2902238205747582, 0.13402754053989221, 0.010161765575628548, -0.0003943904256602035], [0.01898854156214217, 0.005000581920632199, 0.010643669583291462, 0.37011503800984086, 0.9287173426185366, 0.0001103509690671991, 0.00029282896293109177], [-1.1157632579932909e-05, 4.113310005336474e-05, 0.0001474526819079025, 0.00018907181220910644, 0.000242588880341889, -0.038275246690519626, -0.999267175151144]]], "classes_": [0, 1], "params": {"priors": null, "reg_param": 0.7, "store_covariance": false, "tol": 0.0001}}