{"meta": "qda", "means_": [[0.04131141318286855, -0.07952289008737833, 0.23335169132259864, 0.022238087119928897, 0.23992346955088745, -0.15036912599893057, -0.5860528961597589], [-0.02518988608711431, 0.04848956712645095, -0.14228761666012144, -0.013559809219462904, -0.14629479850663818, 0.0916884914627616, 0.3573493269266836]], "priors_": [0.3787878787878788, 0.6212121212121212], "scalings_": [[1.6878835905219496, 1.2483825126739636, 1.1022413583140018, 0.9790201001883048, 0.913128566390768, 0.7234557811477242, 0.5008059570114413], [1.4609257612083941, 1.124678706402248, 1.0398229667782415, 0.9969643585736659, 0.9005511592368132, 0.7273686251505301, 0.5006258393217656]], "rotations_": [[[0.018449362009757535, -0.5170185678163884, -0.2732432931428563, 0.3231065614068185, 0.6638541094589535, -0.3355372059531084, -0.0020442794508692764], [-0.1439799122054024, 0.11983556781099558, 0.008388313765193, 0.8976890158614462, -0.14925420160290948, 0.3696991795863165, 0.00624407556876541], [-0.6112947428855052, 0.09756792394707786, 0.3120000666028684, -0.072381783295204, 0.2536673045238652, -0.009937177349265025, 0.670649106870306], [-0.3412338664315882, -0.2545022349665603, -0.6366473513651391, -0.015729680092637643, -0.5568546128008189, -0.22641814288420886, 0.22774668545651122], [-0.6926091921855272, 5.877193065950692e-05, 0.09691067202239063, -0.06910328326840467, 0.05530632694073713, -0.06991259777661997, -0.7058179653480886], [0.09412252962780736, 0.1267972481270333, 0.41705091379342063, 0.2798737818721783, -0.27503662792538797, -0.8044491689206945, -0.004358523918349574], [-0.01552571930778733, 0.7924410414961235, -0.48916326961089795, 0.03413850979247035, 0.28962528718352665, -0.21759398063482682, -0.010957108222055914]], [[-0.08081407923115135, -0.160298565833686, -0.584809664895112, -0.7685405419723762, -0.09083894638199186, 0.16388501801332628, 0.002555830733628844], [0.1537632255864705, 0.2585381864319001, 0.6932313598130451, -0.6344070791423806, 0.1262425479956092, -0.10264321275236554, -7.918956465291505e-05], [-0.6076779298164932, 0.4102370514240803, -0.03439067781686572, -0.0061657934307614015, 0.01644355344662856, -0.051473269812735645, 0.6769730213001971], [-0.15174162369456579, -0.5087943933537064, 0.32597205881765934, -0.03717700621135809, -0.7535815202113145, -0.004540380758027408, 0.20629374529608221], [-0.6279148400356304, 0.24185613102781728, 0.05989632113235463, -0.019801586542230187, -0.20305010774605828, -0.053725003176133365, -0.7064935747836236], [0.4280693780372413, 0.6327046768389472, -0.20581925481756652, 0.031402847766025616, -0.603855572663896, -0.09192072191770753, -0.0016502231196280012], [0.0027440039323941567, 0.14658310499255053, 0.15504289995884313, 0.06383341446267721, -0.042245803920759495, 0.9739610690884181, -0.0028259679377186826]]], "classes_": [0, 1], "params": {"priors": null, "reg_param": 0.5, "store_covariance": false, "tol": 0.0001}}