{"meta": "qda", "means_": [[35.42342342342345, 98.72072072072072, 31.462489517517284, 1.684144144144144, 89.54954954954955, 14.0990990990991, 0.03618918918918916], [34.60145881515747, 99.1038961038961, 28.29450406535585, 1.682727272727273, 80.12987012987013, 14.2987012987013, 0.042077922077922075]], "priors_": [0.5904255319148937, 0.4095744680851064], "scalings_": [[414.33722121887644, 160.61969906474974, 20.964459519409328, 3.6904711694605465, 0.9463995353571761, 0.2001117502672604, 0.2000496427452808], [272.8034349235105, 201.57414932265522, 19.905076997347376, 2.975810959701396, 1.7163504189444814, 0.20007907125387678, 0.20002403423393056]], "rotations_": [[[-0.0010857951348927299, -0.028520259457789642, -0.9959283137832217, 0.08427004594795671, -0.014504596646994274, -0.0006101538506906834, 0.0001157523658463769], [-0.020671292036758326, -0.9993654218025115, 0.02824291288808016, -0.00377085434036617, 0.005437003114216396, 8.812278343796722e-05, -3.3936265670739675e-05], [-0.2906563459503497, 0.005642714570651963, 0.07667242992460895, 0.9356495753249734, 0.18312340352476386, -0.024680482309143745, -0.004995186604414158], [-0.0011099784508451225, -2.4251669545807125e-05, -0.001589916944752545, -0.026351728773413872, -0.003891765580980686, -0.9830955314600368, -0.18113491131868373], [-0.9565989848462128, 0.019898248361181786, -0.022686650201782826, -0.2837274967758494, -0.05855683528987645, 0.008626926209201857, 0.0017715993619465274], [0.0027487819663510413, -0.005250315374274839, 0.030548342006542016, 0.19039017624294496, -0.9812140862010511, -0.0013713945908595557, 0.0005424891854128494], [4.037303281071942e-05, -3.988366063130714e-05, 0.0002388165475262033, 0.0002948928854192423, 0.0008619726699647473, -0.18121083075800704, 0.9834438187325515]], [[-0.0008362316957652707, -0.016835273841513534, -0.9993719389555519, -0.030907235388947026, -0.004040180941758527, -1.4684527505929647e-05, -0.00014636388598953927], [0.2883190362186192, -0.9573600679877547, 0.016121100245977488, -0.006926697268377413, -0.005094916820141699, 1.962918296749322e-05, 7.74954759462849e-05], [-0.29500297090428695, -0.09688130592493166, -0.027734378082333876, 0.9382713631272869, 0.14716747225204985, 0.0283273572157011, 0.002051602225009865], [-0.0007406738039657234, 5.933423907350695e-05, 0.0009114746818939659, -0.029710769821391213, -0.004747960789719523, 0.9964285351679698, 0.07888927952290242], [-0.9108750431016504, -0.27153592454196157, 0.01498722144915184, -0.3038660812634019, -0.06257506514331838, -0.009977675517461058, -0.0007018562129102662], [0.01227959626492922, 0.0077793902780444145, -0.0010822260580332253, 0.1594561141432914, -0.9870973903422258, 5.3547519624279214e-05, 9.035365988308453e-05], [-7.837891732149994e-07, -7.475916662920878e-05, 0.00015238557384272946, -0.00018782277081999597, -0.0001180750274923489, 0.07891880421787821, -0.996881008100167]]], "classes_": [0, 1], "params": {"priors": null, "reg_param": 0.2, "store_covariance": false, "tol": 0.0001}}