{"meta": "svm", "class_weight_": [1.0, 1.0], "classes_": [0, 1], "support_": [2, 3, 7, 13, 14, 17, 18, 21, 22, 25, 26, 27, 32, 33, 37, 38, 43, 46, 49, 50, 51, 52, 53, 55, 58, 59, 60, 61, 64, 65, 68, 73, 76, 81, 82, 84, 85, 86, 87, 88, 91, 92, 93, 99, 100, 106, 107, 112, 115, 117, 119, 120, 122, 125, 0, 1, 6, 8, 10, 11, 12, 15, 16, 19, 20, 23, 24, 29, 31, 36, 39, 40, 41, 44, 45, 47, 48, 54, 56, 57, 66, 67, 69, 70, 71, 72, 74, 75, 78, 79, 80, 83, 89, 90, 94, 95, 98, 103, 104, 105, 108, 109, 110, 111, 113, 116, 118, 124], "n_support_": [54, 54], "intercept_": [4.321964988694081], "probA_": [], "probB_": [], "_intercept_": [-4.321964988694081], "shape_fit_": [126, 7], "_gamma": 0.00010061414643218545, "params": {"C": 0.01, "break_ties": false, "cache_size": 200, "class_weight": null, "coef0": 0.0, "decision_function_shape": "ovr", "degree": 3, "gamma": "scale", "kernel": "linear", "max_iter": -1, "probability": false, "random_state": 1618, "shrinking": true, "tol": 0.001, "verbose": false}, "support_vectors_": [[34.02465753424657, 92.0, 26.854405574103648, 1.66, 74.0, 14.0, 0.04], [42.027397260273965, 104.0, 36.730945821854924, 1.65, 100.0, 16.0, 0.026000000000000002], [40.99178082191781, 89.0, 27.13141179099237, 1.77, 85.0, 14.0, 0.04], [37.02465753424657, 100.0, 32.987916382803256, 1.67, 92.0, 15.0, 0.045], [41.03287671232877, 95.0, 33.029462280354075, 1.74, 100.0, 14.0, 0.045], [36.02465753424657, 89.0, 37.618412502992385, 1.71, 110.0, 13.0, 0.02], [37.02465753424657, 89.0, 28.90625, 1.6, 74.0, 14.0, 0.015], [45.03835616438357, 80.0, 22.136739730004358, 1.66, 61.0, 14.0, 0.018000000000000002], [39.02465753424657, 94.0, 42.6078971533517, 1.65, 116.0, 15.0, 0.036000000000000004], [34.02465753424657, 123.0, 38.56749311294767, 1.65, 105.0, 14.0, 0.039], [38.027397260273965, 100.0, 31.14186851211073, 1.7, 90.0, 14.0, 0.045], [31.02739726027397, 96.0, 25.458065904119906, 1.67, 71.0, 11.0, 0.042], [34.02191780821918, 109.0, 26.29757785467128, 1.7, 76.0, 15.0, 0.0279999999999999], [39.03561643835617, 94.0, 33.42516069788797, 1.65, 91.0, 13.0, 0.038], [28.02191780821918, 123.0, 41.1764705882353, 1.7, 119.0, 14.0, 0.035], [38.02465753424657, 120.0, 24.24242424242425, 1.65, 66.0, 15.0, 0.039], [32.02191780821918, 84.0, 39.682539682539684, 1.68, 112.0, 14.0, 0.0409999999999999], [39.027397260273965, 118.0, 35.99632690541782, 1.65, 98.0, 14.0, 0.02], [37.030136986301365, 82.0, 24.609375, 1.6, 63.0, 15.0, 0.016], [34.02465753424657, 82.0, 26.128610828857603, 1.66, 72.0, 14.0, 0.037000000000000005], [37.027397260273965, 121.0, 41.808390022675745, 1.68, 118.0, 14.0, 0.032], [35.02465753424657, 94.0, 24.835763499439192, 1.58, 62.0, 13.0, 0.044000000000000004], [37.027397260273965, 144.0, 20.90419501133788, 1.68, 59.0, 14.0, 0.0409999999999999], [38.027397260273965, 93.0, 26.989619377162644, 1.7, 78.0, 14.0, 0.045], [31.02191780821918, 101.0, 23.4375, 1.6, 60.0, 15.0, 0.021], [36.02465753424657, 87.0, 24.09297052154196, 1.68, 68.0, 14.0, 0.043], [40.030136986301365, 77.0, 35.29411764705883, 1.7, 102.0, 14.0, 0.019], [40.030136986301365, 107.0, 28.40816326530612, 1.75, 87.0, 14.0, 0.032], [25.01643835616439, 113.0, 25.79591836734694, 1.75, 79.0, 14.0, 0.033], [41.03287671232877, 93.0, 32.046146450889275, 1.58, 80.0, 14.0, 0.046], [32.02465753424657, 97.0, 29.03178980984178, 1.66, 80.0, 16.0, 0.024], [44.03835616438357, 119.0, 27.74474831549742, 1.74, 84.0, 12.0, 0.032], [36.87397260273973, 118.0, 30.668904958677693, 1.76, 95.0, 14.0, 0.019], [38.02465753424657, 101.0, 26.64359861591696, 1.7, 77.0, 14.0, 0.0409999999999999], [37.027397260273965, 90.0, 33.01680058436815, 1.85, 113.0, 11.0, 0.025], [37.027397260273965, 81.0, 21.719250114311837, 1.62, 57.0, 14.0, 0.034], [41.030136986301365, 111.0, 39.51020408163265, 1.75, 121.0, 14.0, 0.031], [39.47945205479452, 126.0, 31.501095690284878, 1.48, 69.0, 15.0, 0.031], [40.027397260273965, 98.0, 37.558389092286326, 1.78, 119.0, 14.0, 0.0409999999999999], [33.02465753424657, 85.0, 29.068796150890442, 1.73, 87.0, 13.0, 0.0409999999999999], [31.02191780821918, 98.0, 31.37798916633637, 1.74, 95.0, 14.0, 0.034], [30.019178082191786, 85.0, 28.05570578691185, 1.72, 83.0, 14.0, 0.03], [38.91780821917809, 77.0, 34.475250399187104, 1.66, 95.0, 14.0, 0.032], [38.02465753424657, 123.0, 38.888888888888886, 1.8, 126.0, 14.0, 0.032], [27.02191780821918, 100.0, 46.087966323123815, 1.66, 127.0, 16.0, 0.043], [28.019178082191786, 104.0, 44.14062499999999, 1.6, 113.0, 14.0, 0.0409999999999999], [41.027397260273965, 98.0, 22.229061933586408, 1.71, 65.0, 14.0, 0.033], [38.794520547945204, 87.0, 29.296875, 1.6, 75.0, 14.0, 0.0279999999999999], [30.019178082191786, 88.0, 29.38475665748393, 1.65, 80.0, 14.0, 0.04], [29.02191780821918, 77.0, 33.792470156106525, 1.65, 92.0, 16.0, 0.031], [31.02191780821918, 87.0, 26.989619377162644, 1.7, 78.0, 15.0, 0.046], [36.26575342465753, 131.0, 35.1541373715522, 1.72, 104.0, 16.0, 0.034], [36.027397260273965, 84.0, 31.3469387755102, 1.75, 96.0, 14.0, 0.04], [26.019178082191786, 111.0, 22.837370242214536, 1.7, 66.0, 14.0, 0.048], [36.02465753424657, 88.0, 32.326530612244895, 1.75, 99.0, 14.0, 0.044000000000000004], [41.12602739726027, 123.0, 24.337479718766904, 1.72, 72.0, 14.0, 0.047], [34.02465753424657, 92.0, 40.484429065743946, 1.7, 117.0, 12.0, 0.043], [35.02465753424657, 109.0, 39.32823129251701, 1.68, 111.0, 11.0, 0.036000000000000004], [40.027397260273965, 84.0, 30.44383912834481, 1.58, 76.0, 14.0, 0.038], [36.030136986301365, 87.0, 26.47210743801653, 1.76, 82.0, 13.0, 0.049], [30.03013698630137, 93.0, 34.894398530762174, 1.65, 95.0, 17.0, 0.045], [42.175342465753424, 93.0, 34.256055363321806, 1.7, 99.0, 14.0, 0.049], [37.02465753424657, 79.0, 30.859607376561573, 1.64, 83.0, 14.0, 0.0279999999999999], [35.02191780821918, 126.0, 26.09327520147972, 1.74, 79.0, 17.0, 0.047], [41.027397260273965, 105.0, 23.388686558187707, 1.73, 70.0, 14.0, 0.033], [43.030136986301365, 124.0, 26.989619377162644, 1.7, 78.0, 14.0, 0.045], [36.02465753424657, 80.0, 23.93898977463151, 1.71, 70.0, 11.0, 0.038], [37.02465753424657, 129.0, 27.43484224965706, 1.62, 72.0, 14.0, 0.039], [39.027397260273965, 84.0, 27.055150884495315, 1.55, 65.0, 14.0, 0.042], [38.02465753424657, 97.0, 27.099251006812448, 1.63, 72.0, 13.0, 0.0409999999999999], [33.02465753424657, 89.0, 26.19618735008206, 1.78, 83.0, 14.0, 0.046], [40.041095890410965, 81.0, 33.20312499999999, 1.6, 85.0, 18.0, 0.038], [37.02465753424657, 91.0, 32.11195240670633, 1.72, 95.0, 15.0, 0.042], [35.02465753424657, 81.0, 25.259515570934262, 1.7, 73.0, 15.0, 0.033], [39.027397260273965, 120.0, 27.117768595041323, 1.76, 84.0, 14.0, 0.04], [40.027397260273965, 93.0, 43.386281329556454, 1.67, 121.0, 13.0, 0.042], [25.01643835616439, 97.0, 28.650137741046837, 1.65, 78.0, 16.0, 0.048], [38.027397260273965, 120.0, 25.351541373715524, 1.72, 75.0, 14.0, 0.035], [38.00821917808219, 97.0, 39.06249999999999, 1.6, 100.0, 15.0, 0.0409999999999999], [38.027397260273965, 97.0, 29.75274443418488, 1.71, 87.0, 14.0, 0.045], [31.02465753424657, 78.0, 29.387755102040817, 1.75, 90.0, 14.0, 0.037000000000000005], [36.02465753424657, 117.0, 24.767565919829288, 1.62, 65.0, 14.0, 0.033], [40.027397260273965, 88.0, 29.054752066115704, 1.76, 90.0, 14.0, 0.047], [37.027397260273965, 112.0, 35.99632690541782, 1.65, 98.0, 14.0, 0.049], [32.9972602739726, 112.0, 23.722810651876106, 1.73, 71.0, 14.0, 0.045], [41.027397260273965, 124.0, 40.50769646232784, 1.61, 105.0, 11.0, 0.043], [28.019178082191786, 92.0, 28.04281659313977, 1.71, 82.0, 15.0, 0.045], [42.027397260273965, 84.0, 36.002113885585935, 1.74, 109.0, 14.0, 0.039], [34.02465753424657, 129.0, 29.296875, 1.6, 75.0, 16.0, 0.049], [41.030136986301365, 79.0, 22.58955143605005, 1.67, 63.0, 14.0, 0.043], [34.032876712328765, 86.0, 30.116213151927447, 1.68, 85.0, 17.0, 0.038], [31.02465753424657, 122.0, 30.44982698961939, 1.7, 88.0, 16.0, 0.049], [31.02739726027397, 79.0, 27.717685235262305, 1.72, 82.0, 15.0, 0.0279999999999999], [36.02465753424657, 80.0, 