{"meta": "svm", "class_weight_": [1.0, 1.0], "classes_": [0, 1], "support_": [1, 3, 6, 7, 8, 10, 11, 12, 13, 15, 16, 20, 23, 25, 28, 30, 32, 33, 34, 36, 38, 41, 42, 43, 45, 48, 49, 50, 54, 57, 58, 60, 61, 62, 64, 65, 68, 69, 72, 73, 74, 78, 82, 84, 85, 89, 91, 92, 96, 98, 104, 108, 112, 113, 120, 121, 126, 128, 131, 133, 134, 135, 139, 140, 143, 146, 2, 4, 5, 9, 14, 17, 18, 19, 24, 26, 27, 29, 31, 35, 37, 39, 40, 44, 51, 52, 53, 55, 63, 66, 71, 75, 76, 79, 80, 81, 83, 86, 87, 88, 94, 95, 97, 99, 100, 101, 102, 103, 105, 106, 107, 110, 111, 115, 116, 117, 119, 122, 123, 124, 125, 127, 129, 132, 136, 137, 138, 141, 142, 145, 147, 149], "n_support_": [66, 66], "intercept_": [2.7989331054687527], "probA_": [], "probB_": [], "_intercept_": [-2.7989331054687527], "shape_fit_": [151, 7], "_gamma": 0.00010018405683684536, "params": {"C": 0.001, "break_ties": false, "cache_size": 200, "class_weight": null, "coef0": 0.0, "decision_function_shape": "ovr", "degree": 3, "gamma": "scale", "kernel": "linear", "max_iter": -1, "probability": false, "random_state": 1618, "shrinking": true, "tol": 0.001, "verbose": false}, "support_vectors_": [[32.02191780821918, 84.0, 39.682539682539684, 1.68, 112.0, 14.0, 0.0409999999999999], [36.02465753424657, 87.0, 23.183391003460212, 1.7, 67.0, 14.0, 0.035], [35.027397260273965, 93.0, 29.714285714285715, 1.75, 91.0, 14.0, 0.035], [39.47945205479452, 126.0, 31.501095690284878, 1.48, 69.0, 15.0, 0.031], [40.027397260273965, 85.0, 34.54054238911118, 1.71, 101.0, 14.0, 0.035], [41.027397260273965, 101.0, 39.56444102097266, 1.69, 113.0, 13.0, 0.049], [33.02191780821918, 79.0, 30.8248299319728, 1.68, 87.0, 14.0, 0.039], [30.019178082191786, 86.0, 32.871972318339104, 1.7, 95.0, 14.0, 0.04], [41.027397260273965, 114.0, 36.13945578231293, 1.68, 102.0, 14.0, 0.038], [32.02191780821918, 84.0, 34.602076124567475, 1.7, 100.0, 14.0, 0.033], [29.019178082191786, 134.0, 33.464034613304484, 1.72, 99.0, 14.0, 0.044000000000000004], [38.02465753424657, 120.0, 24.24242424242425, 1.65, 66.0, 15.0, 0.039], [42.030136986301365, 92.0, 28.577960676726107, 1.62, 75.0, 14.0, 0.035], [42.030136986301365, 118.0, 19.5964581216432, 1.66, 54.0, 14.0, 0.049], [23.31232876712329, 110.0, 40.830449826989614, 1.7, 118.0, 14.0, 0.037000000000000005], [39.02465753424657, 94.0, 42.6078971533517, 1.65, 116.0, 15.0, 0.036000000000000004], [36.87397260273973, 118.0, 30.668904958677693, 1.76, 95.0, 14.0, 0.019], [37.02465753424657, 89.0, 28.90625, 1.6, 74.0, 14.0, 0.015], [30.254794520547943, 98.0, 19.918367346938776, 1.75, 61.0, 16.0, 0.01], [31.02191780821918, 101.0, 23.4375, 1.6, 60.0, 15.0, 0.021], [29.019178082191786, 82.0, 33.462224866151104, 1.64, 90.0, 14.0, 0.037000000000000005], [40.030136986301365, 77.0, 35.29411764705883, 1.7, 102.0, 14.0, 0.019], [40.030136986301365, 107.0, 28.40816326530612, 1.75, 87.0, 14.0, 0.032], [34.02465753424657, 138.0, 31.63739669421488, 1.76, 98.0, 15.0, 0.043], [37.030136986301365, 82.0, 24.609375, 1.6, 63.0, 15.0, 0.016], [34.02465753424657, 82.0, 26.128610828857603, 1.66, 72.0, 14.0, 0.037000000000000005], [29.02191780821918, 77.0, 33.792470156106525, 1.65, 92.0, 16.0, 0.031], [34.02191780821918, 109.0, 26.29757785467128, 1.7, 76.0, 15.0, 0.0279999999999999], [39.027397260273965, 109.0, 33.792470156106525, 1.65, 92.0, 15.0, 0.048], [33.02465753424657, 85.0, 29.068796150890442, 1.73, 87.0, 13.0, 0.0409999999999999], [38.027397260273965, 91.0, 33.659297052154194, 1.68, 95.0, 13.0, 0.046], [40.99178082191781, 89.0, 27.13141179099237, 1.77, 85.0, 14.0, 0.04], [37.027397260273965, 81.0, 21.719250114311837, 1.62, 57.0, 14.0, 0.034], [38.027397260273965, 93.0, 26.989619377162644, 1.7, 78.0, 14.0, 0.045], [32.02465753424657, 97.0, 29.03178980984178, 1.66, 80.0, 16.0, 0.024], [36.02465753424657, 89.0, 37.618412502992385, 1.71, 110.0, 13.0, 0.02], [45.03835616438357, 80.0, 22.136739730004358, 1.66, 61.0, 14.0, 0.018000000000000002], [38.02465753424657, 123.0, 38.888888888888886, 1.8, 126.0, 14.0, 0.032], [36.02465753424657, 87.0, 24.09297052154196, 1.68, 68.0, 14.0, 0.043], [25.01643835616439, 113.0, 25.79591836734694, 1.75, 79.0, 14.0, 0.033], [36.027397260273965, 87.0, 42.16269841269842, 1.68, 119.0, 12.0, 0.0279999999999999], [31.02739726027397, 96.0, 25.458065904119906, 1.67, 71.0, 11.0, 0.042], [39.027397260273965, 88.0, 20.19509221155312, 1.62, 53.0, 14.0, 0.044000000000000004], [38.72328767123288, 90.0, 36.33217993079585, 1.7, 105.0, 15.0, 0.044000000000000004], [27.02191780821918, 100.0, 46.087966323123815, 1.66, 127.0, 16.0, 0.043], [35.02465753424657, 116.0, 36.753650305723546, 1.73, 110.0, 14.0, 0.043], [31.02191780821918, 87.0, 26.989619377162644, 1.7, 78.0, 15.0, 0.046], [30.306849315068487, 89.0, 27.18089990817264, 1.65, 74.0, 13.0, 0.037000000000000005], [30.019178082191786, 88.0, 29.38475665748393, 1.65, 80.0, 14.0, 0.04], [41.027397260273965, 98.0, 22.229061933586408, 1.71, 65.0, 14.0, 0.033], [41.03287671232877, 93.0, 32.046146450889275, 1.58, 80.0, 14.0, 0.046], [37.027397260273965, 144.0, 20.90419501133788, 1.68, 59.0, 14.0, 0.0409999999999999], [28.019178082191786, 104.0, 44.14062499999999, 1.6, 113.0, 14.0, 0.0409999999999999], [35.02465753424657, 111.0, 28.400547963513645, 1.73, 85.0, 14.0, 0.044000000000000004], [35.02465753424657, 94.0, 24.835763499439192, 1.58, 62.0, 13.0, 0.044000000000000004], [39.027397260273965, 118.0, 35.99632690541782, 1.65, 98.0, 14.0, 0.02], [34.02465753424657, 123.0, 38.56749311294767, 1.65, 105.0, 14.0, 0.039], [44.03835616438357, 119.0, 27.74474831549742, 1.74, 84.0, 12.0, 0.032], [36.26575342465753, 131.0, 35.1541373715522, 1.72, 104.0, 16.0, 0.034], [31.02191780821918, 98.0, 31.37798916633637, 1.74, 95.0, 14.0, 0.034], [26.019178082191786, 111.0, 22.837370242214536, 1.7, 66.0, 14.0, 0.048], [28.019178082191786, 87.0, 26.346494034401, 1.63, 70.0, 14.0, 0.047], [36.027397260273965, 84.0, 31.3469387755102, 1.75, 96.0, 14.0, 0.04], [38.91780821917809, 77.0, 34.475250399187104, 1.66, 95.0, 14.0, 0.032], [40.027397260273965, 98.0, 37.558389092286326, 1.78, 119.0, 14.0, 0.0409999999999999], [40.030136986301365, 95.0, 27.74474831549742, 1.74, 84.0, 15.0, 0.012], [37.02465753424657, 77.0, 24.337479718766904, 1.72, 72.0, 11.0, 0.049], [35.02465753424657, 109.0, 39.32823129251701, 1.68, 111.0, 11.0, 0.036000000000000004], [28.02465753424657, 95.0, 24.91076740035693, 1.64, 67.0, 15.0, 0.04], [31.02465753424657, 122.0, 30.44982698961939, 1.7, 88.0, 16.0, 0.049], [40.030136986301365, 97.0, 26.703623580313682, 1.72, 79.0, 14.0, 0.0409999999999999], [29.901369863013702, 90.0, 35.91836734693877, 1.75, 110.0, 14.0, 0.043], [33.02465753424657, 130.0, 40.29594398203197, 1.74, 122.0, 14.0, 0.045], [41.12602739726027, 123.0, 24.337479718766904, 1.72, 72.0, 14.0, 0.047], [36.02465753424657, 78.0, 40.644505733778495, 1.66, 112.0, 14.0, 0.047], [27.019178082191786, 86.0, 29.411764705882355, 1.7, 85.0, 14.0, 0.039], [38.00821917808219, 97.0, 39.06249999999999, 1.6, 100.0, 15.0, 0.0409999999999999], [35.02191780821918, 77.0, 32.824138366367876, 1.78, 104.0, 11.0, 0.048], [26.019178082191786, 78.0, 24.913494809688586, 1.7, 72.0, 14.0, 0.045], [38.03561643835617, 102.0, 27.18089990817264, 1.65, 74.0, 14.0, 0.04], [40.027397260273965, 93.0, 43.386281329556454, 1.67, 121.0, 13.0, 0.042], [42.030136986301365, 96.0, 30.44982698961939, 1.7, 88.0, 16.0, 0.049], [43.030136986301365, 124.0, 26.989619377162644, 1.7, 78.0, 14.0, 0.045], [35.02465753424657, 121.0, 28.62879238548484, 1.64, 77.0, 18.0, 0.047], [30.03013698630137, 93.0, 34.894398530762174, 1.65, 95.0, 17.0, 0.045], [34.02465753424657, 112.0, 42.560553633218, 1.7, 123.0, 14.0, 0.04], [40.027397260273965, 88.0, 29.054752066115704, 1.76, 90.0, 14.0, 0.047], [38.027397260273965, 120.0, 25.351541373715524, 1.72, 75.0, 14.0, 0.035], [33.02465753424657, 116.0, 36.65263463492524, 1.66, 101.0, 14.0, 0.046], [27.01643835616439, 96.0, 23.529411764705888, 1.7, 68.0, 14.0, 0.044000000000000004], [41.030136986301365, 79.0, 22.58955143605005, 1.67, 63.0, 14.0, 0.043], 