{"meta": "svm", "class_weight_": [1.0, 1.0], "classes_": [0, 1], "support_": [0, 1, 9, 14, 16, 17, 18, 20, 23, 26, 27, 32, 36, 37, 39, 44, 45, 49, 50, 55, 57, 59, 62, 63, 64, 65, 66, 68, 71, 72, 73, 79, 82, 87, 88, 90, 91, 93, 94, 97, 98, 105, 106, 112, 113, 121, 123, 125, 128, 131, 2, 3, 4, 5, 6, 7, 10, 11, 12, 15, 19, 21, 22, 24, 28, 29, 30, 31, 33, 34, 35, 38, 40, 41, 42, 43, 46, 47, 48, 51, 53, 54, 56, 58, 60, 61, 67, 69, 70, 75, 76, 77, 78, 81, 83, 84, 85, 86, 89, 92, 95, 96, 99, 101, 103, 104, 107, 108, 110, 111, 115, 116, 117, 118, 119, 120, 122, 124, 126, 127, 129, 130], "n_support_": [50, 72], "intercept_": [0.46300930673244034], "probA_": [], "probB_": [], "_intercept_": [-0.46300930673244034], "shape_fit_": [132, 7], "_gamma": 0.01, "params": {"C": 1, "break_ties": false, "cache_size": 200, "class_weight": null, "coef0": 0.0, "decision_function_shape": "ovr", "degree": 3, "gamma": 0.01, "kernel": "rbf", "max_iter": -1, "probability": false, "random_state": 1618, "shrinking": true, "tol": 0.001, "verbose": false}, "support_vectors_": [[34.02465753424657, 130.0, 38.56749311294767, 1.65, 105.0, 14.0, 0.039], [39.03561643835617, 101.0, 33.42516069788797, 1.65, 91.0, 13.0, 0.038], [36.027397260273965, 93.0, 42.16269841269842, 1.68, 119.0, 12.0, 0.0279999999999999], [30.019178082191786, 93.0, 32.871972318339104, 1.7, 95.0, 14.0, 0.04], [45.03835616438357, 88.5, 22.136739730004358, 1.66, 61.0, 14.0, 0.018000000000000002], [38.02465753424657, 130.0, 38.888888888888886, 1.8, 126.0, 14.0, 0.032], [41.03287671232877, 93.0, 32.046146450889275, 1.58, 80.0, 14.0, 0.046], [37.027397260273965, 96.0, 33.01680058436815, 1.85, 113.0, 11.0, 0.025], [35.02465753424657, 101.0, 24.835763499439192, 1.58, 62.0, 13.0, 0.044000000000000004], [35.02465753424657, 123.0, 36.753650305723546, 1.73, 110.0, 14.0, 0.043], [36.87397260273973, 125.0, 30.668904958677693, 1.76, 95.0, 14.0, 0.019], [39.02465753424657, 101.0, 42.6078971533517, 1.65, 116.0, 15.0, 0.036000000000000004], [32.02465753424657, 105.0, 29.03178980984178, 1.66, 80.0, 16.0, 0.024], [26.019178082191786, 114.5, 22.837370242214536, 1.7, 66.0, 14.0, 0.048], [31.02739726027397, 102.5, 25.458065904119906, 1.67, 71.0, 11.0, 0.042], [28.02191780821918, 127.5, 41.1764705882353, 1.7, 119.0, 14.0, 0.035], [35.02465753424657, 88.0, 35.139302233855645, 1.67, 98.0, 14.0, 0.039], [28.019178082191786, 104.0, 44.14062499999999, 1.6, 113.0, 14.0, 0.0409999999999999], [30.019178082191786, 92.0, 28.05570578691185, 1.72, 83.0, 14.0, 0.03], [28.019178082191786, 94.0, 26.346494034401, 1.63, 70.0, 14.0, 0.047], [23.31232876712329, 110.0, 40.830449826989614, 1.7, 118.0, 14.0, 0.037000000000000005], [33.02465753424657, 91.5, 29.068796150890442, 1.73, 87.0, 13.0, 0.0409999999999999], [29.019178082191786, 99.0, 36.50871316195567, 1.63, 97.0, 14.0, 0.047], [42.027397260273965, 112.0, 36.730945821854924, 1.65, 100.0, 16.0, 0.026000000000000002], [39.027397260273965, 114.0, 20.983987603305785, 1.76, 65.0, 14.0, 0.046], [34.02465753424657, 102.5, 26.854405574103648, 1.66, 74.0, 14.0, 0.04], [35.02465753424657, 120.0, 26.446280991735538, 1.65, 72.0, 14.0, 0.037000000000000005], [40.030136986301365, 114.0, 28.40816326530612, 1.75, 87.0, 14.0, 0.032], [31.02191780821918, 108.0, 23.4375, 1.6, 60.0, 15.0, 0.021], [32.02191780821918, 91.0, 34.602076124567475, 1.7, 100.0, 14.0, 0.033], [40.030136986301365, 86.0, 35.29411764705883, 1.7, 102.0, 14.0, 0.019], [36.26575342465753, 139.0, 35.1541373715522, 1.72, 104.0, 16.0, 0.034], [38.91780821917809, 84.0, 34.475250399187104, 1.66, 95.0, 14.0, 0.032], [38.794520547945204, 94.0, 29.296875, 1.6, 75.0, 14.0, 0.0279999999999999], [37.02465753424657, 96.0, 28.90625, 1.6, 74.0, 14.0, 0.015], [37.027397260273965, 88.0, 21.719250114311837, 1.62, 57.0, 14.0, 0.034], [42.030136986301365, 125.0, 19.5964581216432, 1.66, 54.0, 14.0, 0.049], [31.02191780821918, 94.0, 26.989619377162644, 1.7, 78.0, 15.0, 0.046], [24.02191780821918, 99.0, 15.794306703397615, 1.65, 43.0, 18.0, 0.024], [34.02465753424657, 89.0, 26.128610828857603, 1.66, 72.0, 14.0, 0.037000000000000005], [44.03835616438357, 119.0, 27.74474831549742, 1.74, 84.0, 12.0, 0.032], [40.99178082191781, 95.5, 27.13141179099237, 1.77, 85.0, 14.0, 0.04], [27.02191780821918, 107.5, 46.087966323123815, 1.66, 127.0, 16.0, 0.043], [40.027397260273965, 102.0, 37.558389092286326, 1.78, 119.0, 14.0, 0.0409999999999999], [30.019178082191786, 95.0, 29.38475665748393, 1.65, 80.0, 14.0, 0.04], [38.72328767123288, 99.0, 36.33217993079585, 1.7, 105.0, 15.0, 0.044000000000000004], [38.027397260273965, 106.5, 31.14186851211073, 1.7, 90.0, 14.0, 0.045], [39.47945205479452, 133.5, 31.501095690284878, 1.48, 69.0, 15.0, 0.031], [36.02465753424657, 95.5, 37.618412502992385, 1.71, 110.0, 13.0, 0.02], [36.02465753424657, 93.5, 23.183391003460212, 1.7, 67.0, 14.0, 0.035], [35.04383561643836, 91.0, 20.438165584997673, 1.67, 57.0, 14.0, 0.037000000000000005], [38.02465753424657, 103.5, 27.099251006812448, 1.63, 72.0, 13.0, 0.0409999999999999], [37.030136986301365, 95.5, 24.65590961580475, 1.79, 79.0, 15.0, 0.042], [24.01643835616439, 100.5, 31.245237006553868, 1.62, 82.0, 15.0, 0.048], [34.02465753424657, 117.0, 18.218322427126715, 1.64, 49.0, 16.0, 0.044000000000000004], [34.02191780821918, 133.0, 20.76124567474049, 1.7, 60.0, 14.0, 0.045], [35.02191780821918, 82.5, 32.824138366367876, 1.78, 104.0, 11.0, 0.048], [38.027397260273965, 103.5, 37.024221453287204, 1.7, 107.0, 13.0, 0.048], [41.027397260273965, 122.0, 40.50769646232784, 1.61, 105.0, 11.0, 0.043], [36.02465753424657, 85.0, 40.644505733778495, 1.66, 112.0, 14.0, 0.047], [24.01643835616439, 96.5, 39.45312499999999, 1.6, 101.0, 17.0, 0.048], [31.02191780821918, 98.5, 22.773186409550053, 1.65, 62.0, 14.0, 0.025], [40.027397260273965, 111.0, 19.257028815517668, 1.69, 55.0, 15.0, 0.0409999999999999], [37.02465753424657, 82.5, 24.337479718766904, 1.72, 72.0, 11.0, 0.049], [31.02739726027397, 88.0, 27.717685235262305, 1.72, 82.0, 15.0, 0.0279999999999999], [32.02191780821918, 114.5, 23.875114784205696, 1.65, 65.0, 15.0, 0.048], [37.027397260273965, 118.5, 35.99632690541782, 1.65, 98.0, 14.0, 0.049], [35.02191780821918, 91.0, 38.062283737024224, 1.7, 110.0, 14.0, 0.035], [30.03013698630137, 103.5, 34.894398530762174, 1.65, 95.0, 17.0, 0.045], [39.027397260273965, 91.0, 27.055150884495315, 1.55, 65.0, 14.0, 0.042], [38.02465753424657, 119.0, 25.458065904119906, 1.67, 71.0, 12.0, 0.042], [40.041095890410965, 93.5, 33.20312499999999, 1.6, 85.0, 18.0, 0.038], [31.02465753424657, 132.0, 30.44982698961939, 1.7, 88.0, 16.0, 0.049], [25.01643835616439, 84.0, 23.12062359624785, 1.74, 70.0, 14.0, 0.047], [36.02465753424657, 97.0, 34.894398530762174, 1.65, 95.0, 16.0, 0.044000000000000004], [37.027397260273965, 97.5, 28.62879238548484, 1.64, 77.0, 15.0, 0.044000000000000004], [37.02465753424657, 135.5, 27.43484224965706, 1.62, 72.0, 14.0, 0.039], [41.027397260273965, 112.0, 23.388686558187707, 1.73, 70.0, 14.0, 0.033], [37.02465753424657, 98.0, 32.11195240670633, 1.72, 95.0, 15.0, 0.042], [28.02465753424657, 102.0, 26.912725874663593, 1.53, 63.0, 15.0, 0.044000000000000004], [36.027397260273965, 106.0, 21.484375, 1.6, 55.0, 18.0, 0.046], [22.013698630136986, 121.0, 33.56401384083045, 1.7, 97.0, 14.0, 0.044000000000000004], [38.030136986301365, 93.5, 33.029462280354075, 1.74, 100.0, 12.0, 0.047], [33.027397260273965, 130.0, 28.22838646542964, 1.63, 75.0, 14.0, 0.036000000000000004], [27.01643835616439, 93.5, 16.1353938828929, 1.67, 45.0, 13.0, 0.038], [40.027397260273965, 91.0, 30.44383912834481, 1.58, 76.0, 14.0, 0.038], [33.02465753424657, 123.0, 36.65263463492524, 1.66, 101.0, 14.0, 0.046], [32.9972602739726, 119.0, 23.722810651876106, 1.73, 71.0, 14.0, 0.045], [34.02465753424657, 137.0, 29.296875, 1.6, 75.0, 16.0, 0.049], [38.00821917808219, 103.0, 39.06249999999999, 1.6, 100.0, 15.0, 0.0409999999999999], [42.027397260273965, 91.0, 36.002113885585935, 1.74, 109.0, 14.0, 0.039], [43.049315068493144, 105.0, 32.71861986912553, 1.64, 88.0, 