{"meta": "svm", "class_weight_": [1.0, 1.0], "classes_": [0, 1], "support_": [0, 1, 9, 14, 16, 17, 18, 20, 23, 26, 27, 32, 36, 37, 39, 44, 45, 49, 50, 55, 57, 59, 62, 63, 64, 65, 66, 68, 71, 72, 73, 79, 82, 87, 88, 90, 91, 93, 94, 97, 98, 105, 106, 112, 113, 121, 123, 125, 128, 131, 2, 3, 4, 10, 11, 12, 15, 19, 21, 22, 28, 31, 33, 34, 35, 38, 42, 43, 46, 47, 48, 51, 52, 54, 56, 58, 60, 61, 67, 75, 76, 77, 81, 85, 86, 92, 95, 100, 101, 102, 104, 107, 108, 109, 110, 111, 115, 116, 119, 120, 122, 124], "n_support_": [50, 52], "intercept_": [0.18025474030345046], "probA_": [], "probB_": [], "_intercept_": [-0.18025474030345046], "shape_fit_": [132, 7], "_gamma": 0.01, "params": {"C": 1, "break_ties": false, "cache_size": 200, "class_weight": null, "coef0": 0.0, "decision_function_shape": "ovr", "degree": 3, "gamma": 0.01, "kernel": "rbf", "max_iter": -1, "probability": false, "random_state": 1618, "shrinking": true, "tol": 0.001, "verbose": false}, "support_vectors_": [[-0.15720261589050394, 1.699749731841487, 1.330564471254942, -0.45694699561489893, 1.0892880314283373, -0.19278093076785924, -0.10678806416905044], [0.8143846444124064, -0.29248602244179844, 0.5540312650386221, -0.45694699561489893, 0.3703579306856349, -0.8996443435833414, -0.23493374117191346], [0.23111356086260043, -0.8420682994854634, 1.8734691442872358, 0.04569469956149324, 1.8082181321710398, -1.6065077563988235, -1.5163905112005551], [-0.9338349693967106, -0.8420682994854634, 0.47049540789436783, 0.38078916301242133, 0.5757665308978356, -0.19278093076785924, 0.021357612833812576], [1.9782707501115184, -1.151208330322525, -1.1506103294329462, -0.28939976388943484, -1.1702065709058704, -0.19278093076785924, -2.7978472812291715], [0.6183673130555037, 1.699749731841487, 1.3790977966434592, 2.056261480267062, 2.1676831825423912, -0.19278093076785924, -1.0038078031890907], [1.2016383966053097, -0.8420682994854634, 0.34578911571668786, -1.6297776176931436, -0.19451571989791702, -0.19278093076785924, 0.7902316748509898], [0.42500604309910234, -0.6359749455940891, 0.4923656311107677, 2.893997638894382, 1.5001052318527388, -2.3133711692143057, -1.9008275422091307], [0.036689866345997975, -0.29248602244179844, -0.7430362147772424, -1.6297776176931436, -1.1188544208528202, -0.8996443435833414, 0.5339403208452638], [0.036689866345997975, 1.21886523942828, 1.0566597414593266, 0.8834308581888135, 1.3460487816935882, -0.19278093076785924, 0.4057946438424007], [0.39525815541350234, 1.3562608086891963, 0.13781466650582425, 1.3860725533652056, 0.5757665308978356, -0.19278093076785924, -2.6697016042263084], [0.8122597952920056, -0.29248602244179844, 1.9406977047106186, -0.45694699561489893, 1.6541616820118894, 0.514082482047623, -0.49122509517763946], [-0.5449875803635078, -0.01769488391996601, -0.10940277742056155, -0.28939976388943484, -0.19451571989791702, 1.2209458948631051, -2.028973219211994], [-1.7094048983427184, 0.6349340700693861, -1.0448095343645019, 0.38078916301242133, -0.9134458206406195, -0.19278093076785924, 1.0465230288567158], [-0.7383488503199098, -0.1894393454961113, -0.6490635886343575, -0.12185253216397081, -0.6566850703753686, -2.3133711692143057, 0.2776489668395386], [-1.3210887215896145, 1.5280052702653415, 1.724540877349984, 0.38078916301242133, 1.8082181321710398, -0.19278093076785924, -0.6193707721805016], [0.036689866345997975, -1.185557222637754, 0.81288030772893, -0.12185253216397081, 0.7298229810569862, -0.19278093076785924, -0.10678806416905044], [-1.3216199338697143, -0.08639266855042413, 2.1721518334886816, -1.2946831542422155, 1.5001052318527388, -0.19278093076785924, 0.14950328983666225], [-0.9338349693967106, -0.9107660841159215, -0.2567992494266414, 0.7158836264633495, -0.0404592697387665, -0.19278093076785924, -1.2600991571948166], [-1.3216199338697143, -0.7733705148550053, -0.5149038554985641, -0.792041459065827, -0.7080372204284188, -0.19278093076785924, 0.9183773518538528], [-2.234242631081524, 0.32579403923232453, 1.6722889827893332, 0.38078916301242133, 1.7568659821179897, -0.19278093076785924, -0.36307941817477646], [-0.35109509812700584, -0.9451149764311505, -0.10381452478627197, 0.8834308581888135, 0.1649493304734342, -0.8996443435833414, 0.14950328983666225], [-1.1277274516332125, -0.42988159170271467, 1.0196722793080044, -0.792041459065827, 0.678470831003936, -0.19278093076785924, 0.9183773518538528], [1.394468454281612, 0.46318960849324076, 1.053231183320541, -0.45694699561489893, 0.8325272811630865, 1.2209458948631051, -1.7726818652062684], [0.8127910075721062, 0.600585177754157, -1.3246850940857355, 1.3860725533652056, -0.9647979706936697, -0.19278093076785924, 0.7902316748509898], [-0.15720261589050394, -0.1894393454961113, -0.43820516226657813, -0.28939976388943484, -0.5026286202162181, -0.19278093076785924, 0.021357612833812576], [0.036689866345997975, 1.0127718855369057, -0.49983522911209544, -0.45694699561489893, -0.6053329203223184, -0.19278093076785924, -0.36307941817477646], [1.0072147020887086, 0.600585177754157, -0.20357535924192935, 1.2185253216397416, 0.1649493304734342, -0.19278093076785924, -1.0038078031890907], [-0.7394112748801088, 0.18839846997140833, -0.9541851547358738, -1.2946831542422155, -1.2215587209589205, 0.514082482047623, -2.4134102502205823], [-0.5455187926436069, -0.9794638687463796, 0.7317548806976208, 0.38078916301242133, 0.8325272811630865, -0.19278093076785924, -0.8756621261862276], [1.0072147020887086, -1.32295279189867, 0.8362586698189224, 0.38078916301242133, 0.9352315812691868, -0.19278093076785924, -2.6697016042263084], [0.27732902923130065, 2.31802979351561, 0.8151205318354914, 0.7158836264633495, 1.0379358813752873, 1.2209458948631051, -0.7475164491833646], [0.7915425163681066, -1.4603483611595864, 0.7126031846944791, -0.28939976388943484, 0.5757665308978356, -0.19278093076785924, -1.0038078031890907], [0.7676379637636043, -0.7733705148550053, -0.06937279957798051, -1.2946831542422155, -0.4512764701631679, -0.19278093076785924, -1.5163905112005551], [0.4244748308190018, -0.6359749455940891, -0.12836028992184007, -1.2946831542422155, -0.5026286202162181, -0.19278093076785924, -3.18228431223776], [0.42500604309910234, -1.185557222637754, -1.213654590999216, -0.9595886907912873, -1.375615171118071, -0.19278093076785924, -0.7475164491833646], [1.3949996665617124, 1.3562608086891963, -1.5342131117532996, -0.28939976388943484, -1.5296716212772217, -0.19278093076785924, 1.1746687058595788], [-0.7394112748801088, -0.7733705148550053, -0.41778679963669263, 0.38078916301242133, -0.29722002000401737, 0.514082482047623, 0.7902316748509898], [-2.0966586505356224, -0.42988159170271467, -2.108368299131612, -0.45694699561489893, -2.0945452718607735, 2.6346727204940694, -2.028973219211994], [-0.15720261589050394, -1.1168594380072958, -0.5478059572152504, -0.28939976388943484, -0.6053329203223184, -0.19278093076785924, -0.36307941817477646], [1.7843782678750164, 0.9440741009064476, -0.30375630758320954, 1.0509780899142775, 0.01089288031428368, -1.6065077563988235, -1.0038078031890907], [1.1936702124038099, -0.670323837909318, -0.39637501431416144, 1.5536197850906697, 0.06224503036733386, -0.19278093076785924, 0.021357612833812576], [-1.5149812038261166, 0.15404957765617927, 2.466215903873233, -0.28939976388943484, 2.2190353325954413, 1.2209458948631051, 0.4057946438424007], [1.0066834898086081, -0.22378823781134036, 1.1781817162476815, 1.7211670168161337, 1.8082181321710398, -0.19278093076785924, 0.14950328983666225], [-0.9338349693967106, -0.7046727302245471, -0.05610196841705662, -0.45694699561489893, -0.19451571989791702, -0.19278093076785924, 0.021357612833812576], [0.7538264444810067, -0.42988159170271467, 0.9930143535008749, 0.38078916301242133, 1.0892880314283373, 0.514082482047623, 0.5339403208452638], [0.6188985253356043, 0.08535179302572116, 0.20923593509111435, 0.38078916301242133, 0.3190057806325847, -0.19278093076785924, 0.6620859978481267], [0.9004410337886073, 1.9401919780480903, 0.26348210393284155, 