{"learner":{"attributes":{"best_iteration":"13","best_msg":"[13]\ttrain-error:0.22727\tvalidation-error:0.14286","best_score":"0.142857"},"gradient_booster":{"model":{"gbtree_model_param":{"num_trees":"29","size_leaf_vector":"0"},"tree_info":[0,0,0,0,0,0,0,0,0,0,0,0,0,0,0,0,0,0,0,0,0,0,0,0,0,0,0,0,0],"trees":[{"base_weights":[3.3440793E-1,2.6979494E-1,9.38869E-1,3.7292486E-1,-5.797414E-1,2.9704228E-1,9.38869E-1],"default_left":[true,true,false,true,false,false,false],"id":0,"leaf_child_counts":[0,0,0,0,0,0,0],"left_children":[1,3,-1,5,-1,-1,-1],"loss_changes":[4.4833422E-1,9.938527E-1,0E0,3.9969718E-1,0E0,0E0,0E0],"parents":[2147483647,0,0,1,1,3,3],"right_children":[2,4,-1,6,-1,-1,-1],"split_conditions":[1.755E0,1.725E0,9.38869E-1,1.71E0,-5.797414E-1,2.9704228E-1,9.38869E-1],"split_indices":[3,3,0,3,0,0,0],"sum_hessian":[1.202782E1,1.099695E1,1.0308688E0,9.856516E0,1.1404344E0,8.825647E0,1.0308688E0],"tree_param":{"num_deleted":"0","num_feature":"7","num_nodes":"7","size_leaf_vector":"0"}},{"base_weights":[-2.8076193E-1,1.6590892E0,-5.000396E-1,-1.1671981E0,1.3956697E-1,-6.036985E-1,-1.5652232E0,1.6031061E0,-3.0267826E-1],"default_left":[true,false,true,true,true,false,false,false,false],"id":1,"leaf_child_counts":[0,0,0,0,0,0,0,0,0],"left_children":[1,-1,3,5,7,-1,-1,-1,-1],"loss_changes":[4.8789687E0,0E0,4.3717165E0,1.0283942E0,3.4791124E0,0E0,0E0,0E0,0E0],"parents":[2147483647,0,0,2,2,3,3,4,4],"right_children":[2,-1,4,6,8,-1,-1,-1,-1],"split_conditions":[8.825E1,1.6590892E0,1.025E2,9.375E1,1.0625E2,-6.036985E-1,-1.5652232E0,1.6031061E0,-3.0267826E-1],"split_indices":[1,0,1,1,1,0,0,0,0],"sum_hessian":[1.1175013E1,1.0682316E0,1.0106781E1,4.9064713E0,5.20031E0,2.1352248E0,2.7712462E0,1.1458412E0,4.054469E0],"tree_param":{"num_deleted":"0","num_feature":"7","num_nodes":"9","size_leaf_vector":"0"}},{"base_weights":[4.5769596E-1,1.3282071E0,-3.8654274E-1,6.546623E-1,2.7979593E0,-1.46999E0,1.3913293E-1,8.777048E-1,4.2542583E-1,1.1542681E0,-5.173346E-1],"default_left":[true,true,true,true,false,false,true,false,false,false,false],"id":2,"leaf_child_counts":[0,0,0,0,0,0,0,0,0,0,0],"left_children":[1,3,5,7,-1,-1,9,-1,-1,-1,-1],"loss_changes":[6.5199504E0,4.129036E0,2.6094668E0,1.22063994E-1,0E0,0E0,2.160284E0,0E0,0E0,0E0,0E0],"parents":[2147483647,0,0,1,1,2,2,3,3,6,6],"right_children":[2,4,6,8,-1,-1,10,-1,-1,-1,-1],"split_conditions":[1.0075E2,9.575E1,1.06E2,9.125E1,2.7979593E0,-1.46999E0,1.195E2,8.777048E-1,4.2542583E-1,1.1542681E0,-5.173346E-1],"split_indices":[1,1,1,1,0,0,1,0,0,0,0],"sum_hessian":[8.701797E0,4.2560124E0,4.445784E0,3.0176523E0,1.2383602E0,1.3936843E0,3.0521E0,1.3861115E0,1.6315407E0,1.168833E0,1.8832669E0],"tree_param":{"num_deleted":"0","num_feature":"7","num_nodes":"11","size_leaf_vector":"0"}},{"base_weights":[-2.8676456E-1,-8.047369E-1,1.4799899E0,-6.3050836E-1,-1.2699893E0,-1.1331565E0,-2.0641933E-1],"default_left":[true,true,false,true,false,false,false],"id":3,"leaf_child_counts":[0,0,0,0,0,0,0],"left_children":[1,3,-1,5,-1,-1,-1],"loss_changes":[7.2485123E0,4.1351533E-1,0E0,9.633087E-1,0E0,0E0,0E0],"parents":[2147483647,0,0,1,1,3,3],"right_children":[2,4,-1,6,-1,-1,-1],"split_conditions":[1.18E2,1.0575E2,1.4799899E0,9.325E1,-1.2699893E0,-1.1331565E0,-2.0641933E-1],"split_indices":[1,1,0,1,0,0,0],"sum_hessian":[7.6906004E0,5.9891644E0,1.7014359E0,4.5287495E0,1.4604146E0,1.9959123E0,2.5328372E0],"tree_param":{"num_deleted":"0","num_feature":"7","num_nodes":"7","size_leaf_vector":"0"}},{"base_weights":[3.0884293E-1,-2.0985932E0,1.0133799E0,6.781888E-1,1.950875E0,1.5605077E0,4.165723E-1],"default_left":[true,false,true,true,false,false,false],"id":4,"leaf_child_counts":[0,0,0,0,0,0,0],"left_children":[1,-1,3,5,-1,-1,-1],"loss_changes":[1.4823708E1,0E0,1.9830122E0,1.1149735E0,0E0,0E0,0E0],"parents":[2147483647,0,0,2,2,3,3],"right_children":[2,-1,4,6,-1,-1,-1],"split_conditions":[3.3E-2,-2.0985932E0,4.6499997E-2,3.9499998E-2,1.950875E0,1.5605077E0,4.165723E-1],"split_indices":[6,0,6,6,0,0,0],"sum_hessian":[8.514351E0,1.882815E0,6.6315355E0,5.0119185E0,1.6196167E0,1.0326731E0,3.9792457E0],"tree_param":{"num_deleted":"0","num_feature":"7","num_nodes":"7","size_leaf_vector":"0"}},{"base_weights":[-1.1677196E0,-4.0432766E-1,-1.5512836E0],"default_left":[true,false,false],"id":5,"leaf_child_counts":[0,0,0],"left_children":[1,-1,-1],"loss_changes":[1.3832898E0,0E0,0E0],"parents":[2147483647,0,0],"right_children":[2,-1,-1],"split_conditions":[1.645E0,-4.0432766E-1,-1.5512836E0],"split_indices":[3,0,0],"sum_hessian":[4.8384075E0,1.6867498E0,3.1516578E0],"tree_param":{"num_deleted":"0","num_feature":"7","num_nodes":"3","size_leaf_vector":"0"}},{"base_weights":[6.05684E-1,5.3304523E-1,8.2386446E-1],"default_left":[true,false,false],"id":6,"leaf_child_counts":[0,0,0],"left_children":[1,-1,-1],"loss_changes":[8.290124E-2,0E0,0E0],"parents":[2147483647,0,0],"right_children":[2,-1,-1],"split_conditions":[1.45E1,5.3304523E-1,8.2386446E-1],"split_indices":[5,0,0],"sum_hessian":[7.901902E0,6.186535E0,1.7153671E0],"tree_param":{"num_deleted":"0","num_feature":"7","num_nodes":"3","size_leaf_vector":"0"}},{"base_weights":[1.7578252E-1,-1.3137681E0,4.514516E-1,1.1106477E0,-3.4628737E-1,1.2632247E0,7.1196204E-1,-1.0238951E0,1.998148E-1],"default_left":[true,false,true,true,true,false,false,false,false],"id":7,"leaf_child_counts":[0,0,0,0,0,0,0,0,0],"left_children":[1,-1,3,5,7,-1,-1,-1,-1],"loss_changes":[3.2054167E0,0E0,3.4774654E0,1.293292E-1,1.1435924E0,0E0,0E0,0E0,0E0],"parents":[2147483647,0,0,2,2,3,3,4,4],"right_children":[2,-1,4,6,8,-1,-1,-1,-1],"split_conditions":[2.1837154E1,-1.3137681E0,3.0559366E1,2.8318275E1,3.5828876E1,1.2632247E0,7.1196204E-1,-1.0238951E0,1.998148E-1],"split_indices":[2,0,2,2,2,0,0,0,0],"sum_hessian":[7.5617867E0,1.1220932E0,6.4396935E0,3.5045512E0,2.9351423E0,2.3777423E0,1.126809E0,1.2708144E0,1.664328E0],"tree_param":{"num_deleted":"0","num_feature":"7","num_nodes":"9","size_leaf_vector":"0"}},{"base_weights":[2.800411E-2,1.1472762E0,-3.35417E-1,-1.6170217E0,2.8741413E-1,1.2826886E0,-4.4434506E-1],"default_left":[true,false,true,false,true,false,false],"id":8,"leaf_child_counts":[0,0,0,0,0,0,0],"left_children":[1,-1,3,-1,5,-1,-1],"loss_changes":[2.8003345E0,0E0,4.199561E0,0E0,2.6688643E0,0E0,0E0],"parents":[2147483647,0,0,2,2,4,4],"right_children":[2,-1,4,-1,6,-1,-1],"split_conditions":[2.5404804E1,1.1472762E0,2.8944128E1,-1.6170217E0,3.501685E1,1.2826886E0,-4.4434506E-1],"split_indices":[2,0,2,0,2,0,0],"sum_hessian":[6.6897655E0,1.5868534E0,5.1029124E0,1.6166644E0,3.4862478E0,1.4452531E0,2.0409946E0],"tree_param":{"num_deleted":"0","num_feature":"7","num_nodes":"7","size_leaf_vector":"0"}},{"base_weights":[-8.01745E-1,-1.462234E0,-2.0511295E-1,-2.7410084E-1,-2.198312E0,1.3319492E0,-1.1232184E0],"default_left":[true,true,true,false,false,false,false],"id":9,"leaf_child_counts":[0,0,0,0,0,0,0],"left_children":[1,3,5,-1,-1,-1,-1],"loss_changes":[2.461502E0,2.5497313E0,5.0014553E0,0E0,0E0,0E0,0E0],"parents":[2147483647,0,0,1,1,2,2],"right_children":[2,4,6,-1,-1,-1,-1],"split_conditions":[1.015E2,9.375E1,1.115E2,-2.7410084E-1,-2.198312E0,1.3319492E0,-1.1232184E0],"split_indices":[1,1,1,0,0,0,0],"sum_hessian":[6.2224836E0,2.8843467E0,3.3381371E0,1.1558617E0,1.728485E0,1.2314342E0,2.1067028E0],"tree_param":{"num_deleted":"0","num_feature":"7","num_nodes":"7","size_leaf_vector":"0"}},{"base_weights":[5.065992E-1,1.6593891E-1,1.7063617E0,8.7351733E-1,-1.4271261E-1,-1.4868124E0,5.603246E-1],"default_left":[true,true,false,false,true,false,false],"id":10,"leaf_child_counts":[0,0,0,0,0,0,0],"left_children":[1,3,-1,-1,5,-1,-1],"loss_changes":[2.3672116E0,1.0336295E0,0E0,0E0,3.2409477E0,0E0,0E0],"parents":[2147483647,0,0,1,1,4,4],"right_children":[2,4,-1,-1,6,-1,-1],"split_conditions":[1.735E0,1.645E0,1.7063617E0,8.7351733E-1,1.665E0,-1.4868124E0,5.603246E-1],"split_indices":[3,3,0,0,3,0,0],"sum_hessian":[5.7611694E0,4.5757604E0,1.1854092E0,1.3341751E0,3.241585E0,1.0749537E0,2.1666315E0],"tree_param":{"num_deleted":"0","num_feature":"7",