accuracy	sensitivity	spec	mcc
0.5789473684210527	0.7079646017699115	0.38961038961038963	0.10175387820013722
