accuracy	sensitivity	spec	mcc
0.5661375661375662	0.6964285714285714	0.37662337662337664	0.07614311298414658
