accuracy	sensitivity	spec	mcc
0.6551724137931034	0.875	0.38461538461538464	0.3017183554806801
