accuracy	sensitivity	spec	mcc
0.6206896551724138	0.7333333333333333	0.5	0.24030003692073737
