model	Unnamed: 0	params	train_accuracy	train_sensitivity	train_specificity	train_mcc	validation_accuracy	validation_sensitivity	validation_specificity	validation_mcc
logisticregression	15	{'penalty': 'l2', 'solver': 'lbfgs', 'C': 0.0001, 'max_iter': 500, 'class_weight': None, 'random_state': 1618, 'n_jobs': 4}	0.5695364238410596	0.8705882352941177	0.1818181818181818	0.0723430803472059	0.6875	1.0	0.1666666666666666	0.3333333333333333
lda	0	{'solver': 'svd'}	0.7218543046357616	0.8705882352941177	0.5303030303030303	0.4320504476352969	0.59375	0.7	0.4166666666666667	0.1189176780021126
qda	0	{'reg_param': 0}	0.7350993377483444	0.8235294117647058	0.6212121212121212	0.4567024098070106	0.625	0.75	0.4166666666666667	0.1740776559556978
svc	0	{'C': 0.001, 'kernel': 'linear', 'random_state': 1618}	0.5827814569536424	0.8352941176470589	0.2575757575757575	0.1140472513269764	0.71875	0.95	0.3333333333333333	0.3777777777777777
randomforest	20	{'n_estimators': 100, 'max_depth': 8, 'min_samples_leaf': 2, 'max_features': 'sqrt', 'class_weight': 'balanced', 'bootstrap': True, 'random_state': 1618, 'n_jobs': 4}	0.9536423841059604	0.976470588235294	0.9242424242424242	0.906058537226252	0.59375	0.65	0.5	0.1478592174270432
xgboost	10313	{'max_depth': 6, 'eta': 0.01, 'gamma': 0.1, 'subsample': 1, 'lambda': 100, 'colsample_bytree': 0.4, 'scale_pos_weight': 1, 'seed': 1618, 'nthread': 4, 'objective': 'binary:logistic'}	0.6423841059602649	0.9647058823529412	0.2272727272727272	0.2938814673668159	0.71875	1.0	0.25	0.4152273992686999
