model	Unnamed: 0	params	train_accuracy	train_sensitivity	train_specificity	train_mcc	validation_accuracy	validation_sensitivity	validation_specificity	validation_mcc
logisticregression	6	{'penalty': 'l2', 'solver': 'liblinear', 'C': 0.1, 'max_iter': 500, 'class_weight': 'balanced', 'random_state': 1618, 'n_jobs': 4}	0.6136363636363636	0.6341463414634146	0.58	0.20893690234844148	0.6428571428571429	0.7857142857142857	0.5	0.298142396999972
lda	0	{'solver': 'svd'}	0.7424242424242424	0.9146341463414634	0.46	0.4336492245216911	0.5714285714285714	0.7142857142857143	0.42857142857142855	0.149071198499986
qda	7	{'reg_param': 0.7}	0.6515151515151515	0.6829268292682927	0.6	0.2776932039068605	0.6785714285714286	0.7857142857142857	0.5714285714285714	0.3656362120635653
svc	34	{'C': 1, 'kernel': 'rbf', 'gamma': 0.01, 'random_state': 1618}	0.7954545454545454	0.9878048780487804	0.48	0.5791549616201019	0.5	0.8571428571428571	0.14285714285714285	0.0
randomforest	23	{'n_estimators': 100, 'max_depth': 8, 'min_samples_leaf': 4, 'max_features': 'sqrt', 'class_weight': 'balanced', 'bootstrap': False, 'random_state': 1618, 'n_jobs': 4}	0.9393939393939394	0.9146341463414634	0.98	0.8780850620089349	0.6428571428571429	0.7142857142857143	0.5714285714285714	0.2886751345948129
xgboost	8689	{'max_depth': 3, 'eta': 1, 'gamma': 0.01, 'subsample': 0.4, 'lambda': 0.1, 'colsample_bytree': 0.2, 'scale_pos_weight': 0.7808688094430303, 'seed': 1618, 'nthread': 4, 'objective': 'binary:logistic'}	0.7651515151515151	0.7560975609756098	0.78	0.5230561632823171	0.7857142857142857	0.7142857142857143	0.8571428571428571	0.5773502691896257
