model	Unnamed: 0	params	train_accuracy	train_sensitivity	train_specificity	train_mcc	validation_accuracy	validation_sensitivity	validation_specificity	validation_mcc
logisticregression	23	{'penalty': 'l2', 'solver': 'lbfgs', 'C': 1, 'max_iter': 500, 'class_weight': None, 'random_state': 1618, 'n_jobs': 4}	0.6111111111111112	0.7916666666666666	0.3703703703703704	0.1790287185098582	0.7407407407407407	0.7894736842105263	0.625	0.40147753427348304
lda	0	{'solver': 'svd'}	0.7380952380952381	0.8472222222222222	0.5925925925925926	0.4590497004029003	0.6296296296296297	0.8421052631578947	0.125	-0.04228188071823365
qda	0	{'reg_param': 0}	0.7301587301587301	0.8472222222222222	0.5740740740740741	0.4422689813358516	0.7407407407407407	0.8421052631578947	0.5	0.3564655231196031
svc	1	{'C': 0.01, 'kernel': 'linear', 'random_state': 1618}	0.6111111111111112	0.8055555555555556	0.35185185185185186	0.17716986318620467	0.7407407407407407	0.7894736842105263	0.625	0.40147753427348304
randomforest	31	{'n_estimators': 100, 'max_depth': 10, 'min_samples_leaf': 2, 'max_features': 'sqrt', 'class_weight': 'balanced', 'bootstrap': False, 'random_state': 1618, 'n_jobs': 4}	1.0	1.0	1.0	1.0	0.6666666666666666	0.7894736842105263	0.375	0.17137765534596305
xgboost	13922	{'max_depth': 6, 'eta': 1, 'gamma': 1, 'subsample': 0.2, 'lambda': 0.1, 'colsample_bytree': 0.2, 'scale_pos_weight': 1, 'seed': 1618, 'nthread': 4, 'objective': 'binary:logistic'}	0.6507936507936508	0.5833333333333334	0.7407407407407407	0.3227486121839514	0.6666666666666666	0.5263157894736842	1.0	0.4976726017934395
