	params	train_accuracy	train_sensitivity	train_specificity	train_mcc	validation_accuracy	validation_sensitivity	validation_specificity	validation_mcc
0	{'solver': 'svd'}	0.7380952380952381	0.8472222222222222	0.5925925925925926	0.4590497004029003	0.6296296296296297	0.8421052631578947	0.125	-0.04228188071823365
